KP,X,Y,Z
0,585281.709,2108892.92,-3.56
1,585282.224,2108892.063,-3.57
2,585282.7391,2108891.206,-3.58
3,585283.2541,2108890.348,-3.59
4,585283.7692,2108889.491,-3.61
5,585284.2842,2108888.634,-3.62
6,585284.7992,2108887.777,-3.62
7,585285.3143,2108886.92,-3.62
8,585285.8293,2108886.063,-3.62
9,585286.3443,2108885.205,-3.62
10,585286.8594,2108884.348,-3.62
11,585287.3744,2108883.491,-3.63
12,585287.8895,2108882.634,-3.64
13,585288.4045,2108881.777,-3.64
14,585288.9195,2108880.92,-3.65
15,585289.4346,2108880.062,-3.66
16,585289.9496,2108879.205,-3.7
17,585290.4647,2108878.348,-3.74
18,585290.9797,2108877.491,-3.78
19,585291.4947,2108876.634,-3.82
20,585292.0098,2108875.777,-3.86
21,585292.5248,2108874.919,-3.89
22,585293.0399,2108874.062,-3.92
23,585293.5549,2108873.205,-3.95
24,585294.0699,2108872.348,-3.98
25,585294.585,2108871.491,-4.01
26,585295.1,2108870.634,-4.01
27,585295.615,2108869.776,-4.01
28,585296.1301,2108868.919,-4.01
29,585296.6451,2108868.062,-4.01
30,585297.1602,2108867.205,-4.01
31,585297.6752,2108866.348,-4.01
32,585298.1902,2108865.491,-4.02
33,585298.7053,2108864.633,-4.02
34,585299.2203,2108863.776,-4.02
35,585299.7354,2108862.919,-4.03
36,585300.2504,2108862.062,-4.15
37,585300.7654,2108861.205,-4.27
38,585301.2805,2108860.348,-4.39
39,585301.7955,2108859.49,-4.51
40,585302.3105,2108858.633,-4.63
41,585302.8256,2108857.776,-4.71
42,585303.3406,2108856.919,-4.79
43,585303.8557,2108856.062,-4.87
44,585304.3707,2108855.205,-4.95
45,585304.8857,2108854.347,-5.03
46,585305.4008,2108853.49,-5.05
47,585305.9158,2108852.633,-5.08
48,585306.4309,2108851.776,-5.1
49,585306.9459,2108850.919,-5.13
50,585307.4609,2108850.062,-5.15
51,585307.976,2108849.204,-5.15
52,585308.491,2108848.347,-5.15
53,585309.006,2108847.49,-5.15
54,585309.5211,2108846.633,-5.15
55,585310.0361,2108845.776,-5.15
56,585310.5512,2108844.919,-5.15
57,585311.0662,2108844.061,-5.15
58,585311.5812,2108843.204,-5.15
59,585312.0963,2108842.347,-5.15
60,585312.6113,2108841.49,-5.15
61,585313.1264,2108840.633,-5.14
62,585313.6414,2108839.776,-5.14
63,585314.1564,2108838.918,-5.14
64,585314.6715,2108838.061,-5.13
65,585315.1865,2108837.204,-5.13
66,585315.7016,2108836.347,-5.12
67,585316.2166,2108835.49,-5.12
68,585316.7316,2108834.633,-5.11
69,585317.2467,2108833.775,-5.11
70,585317.7617,2108832.918,-5.1
71,585318.2767,2108832.061,-5.1
72,585318.7918,2108831.204,-5.09
73,585319.3068,2108830.347,-5.09
74,585319.8219,2108829.49,-5.08
75,585320.3369,2108828.632,-5.08
76,585320.8519,2108827.775,-5.13
77,585321.367,2108826.918,-5.18
78,585321.882,2108826.061,-5.23
79,585322.3971,2108825.204,-5.28
80,585322.9121,2108824.347,-5.33
81,585323.4271,2108823.489,-5.37
82,585323.9422,2108822.632,-5.42
83,585324.4572,2108821.775,-5.46
84,585324.9722,2108820.918,-5.51
85,585325.4873,2108820.061,-5.55
86,585326.0023,2108819.204,-5.55
87,585326.5174,2108818.346,-5.55
88,585327.0324,2108817.489,-5.55
89,585327.5474,2108816.632,-5.55
90,585328.0625,2108815.775,-5.55
91,585328.5775,2108814.918,-5.55
92,585329.0926,2108814.061,-5.55
93,585329.6076,2108813.203,-5.55
94,585330.1226,2108812.346,-5.55
95,585330.6377,2108811.489,-5.55
96,585331.1527,2108810.632,-5.54
97,585331.6677,2108809.775,-5.53
98,585332.1828,2108808.918,-5.52
99,585332.6978,2108808.06,-5.52
100,585333.2129,2108807.203,-5.51
101,585333.7279,2108806.346,-5.52
102,585334.2429,2108805.489,-5.54
103,585334.758,2108804.632,-5.55
104,585335.273,2108803.775,-5.56
105,585335.7881,2108802.917,-5.58
106,585336.3031,2108802.06,-5.6
107,585336.8181,2108801.203,-5.61
108,585337.3332,2108800.346,-5.63
109,585337.8482,2108799.489,-5.65
110,585338.3633,2108798.632,-5.67
111,585338.8783,2108797.774,-5.69
112,585339.3933,2108796.917,-5.7
113,585339.9084,2108796.06,-5.71
114,585340.4234,2108795.203,-5.73
115,585340.9384,2108794.346,-5.74
116,585341.4535,2108793.489,-5.76
117,585341.9685,2108792.631,-5.79
118,585342.4836,2108791.774,-5.81
119,585342.9986,2108790.917,-5.83
120,585343.5136,2108790.06,-5.85
121,585344.0287,2108789.203,-5.85
122,585344.5437,2108788.346,-5.85
123,585345.0588,2108787.488,-5.85
124,585345.5738,2108786.631,-5.85
125,585346.0888,2108785.774,-5.84
126,585346.6039,2108784.917,-5.81
127,585347.1189,2108784.06,-5.78
128,585347.6339,2108783.203,-5.75
129,585348.149,2108782.345,-5.71
130,585348.664,2108781.488,-5.67
131,585349.1791,2108780.631,-5.56
132,585349.6941,2108779.774,-5.45
133,585350.2091,2108778.917,-5.34
134,585350.7242,2108778.06,-5.23
135,585351.2392,2108777.202,-5.14
136,585351.7543,2108776.345,-5.08
137,585352.2693,2108775.488,-5.03
138,585352.7843,2108774.631,-4.97
139,585353.2994,2108773.774,-4.92
140,585353.8144,2108772.917,-4.87
141,585354.3294,2108772.059,-4.87
142,585354.8445,2108771.202,-4.87
143,585355.3595,2108770.345,-4.87
144,585355.8746,2108769.488,-4.87
145,585356.3896,2108768.631,-4.87
146,585356.9046,2108767.774,-4.87
147,585357.4197,2108766.916,-4.87
148,585357.9347,2108766.059,-4.87
149,585358.4498,2108765.202,-4.87
150,585358.9648,2108764.345,-4.87
151,585359.4798,2108763.488,-4.87
152,585359.9949,2108762.631,-4.87
153,585360.5099,2108761.773,-4.87
154,585361.025,2108760.916,-4.87
155,585361.54,2108760.059,-4.89
156,585362.055,2108759.202,-4.96
157,585362.5701,2108758.345,-5.04
158,585363.0851,2108757.488,-5.12
159,585363.6001,2108756.63,-5.2
160,585364.1152,2108755.773,-5.25
161,585364.6302,2108754.916,-5.17
162,585365.1453,2108754.059,-5.1
163,585365.6603,2108753.202,-5.03
164,585366.1753,2108752.345,-4.96
165,585366.6904,2108751.487,-4.9
166,585367.2054,2108750.63,-4.9
167,585367.7205,2108749.773,-4.9
168,585368.2355,2108748.916,-4.9
169,585368.7505,2108748.059,-4.9
170,585369.2656,2108747.202,-4.91
171,585369.7806,2108746.344,-4.93
172,585370.2956,2108745.487,-4.96
173,585370.8107,2108744.63,-4.99
174,585371.3257,2108743.773,-5.02
175,585371.8408,2108742.916,-5.06
176,585372.3558,2108742.059,-5.12
177,585372.8708,2108741.201,-5.17
178,585373.3859,2108740.344,-5.23
179,585373.9009,2108739.487,-5.29
180,585374.416,2108738.63,-5.34
181,585374.931,2108737.773,-5.34
182,585375.446,2108736.916,-5.34
183,585375.9611,2108736.058,-5.34
184,585376.4761,2108735.201,-5.34
185,585376.9911,2108734.344,-5.34
186,585377.5062,2108733.487,-5.35
187,585378.0212,2108732.63,-5.35
188,585378.5363,2108731.773,-5.35
189,585379.0513,2108730.915,-5.35
190,585379.5663,2108730.058,-5.35
191,585380.0814,2108729.201,-5.35
192,585380.5964,2108728.344,-5.34
193,585381.1115,2108727.487,-5.34
194,585381.6265,2108726.63,-5.33
195,585382.1415,2108725.772,-5.33
196,585382.6566,2108724.915,-5.32
197,585383.1716,2108724.058,-5.32
198,585383.6867,2108723.201,-5.32
199,585384.2017,2108722.344,-5.31
200,585384.7167,2108721.487,-5.31
201,585385.2318,2108720.629,-5.31
202,585385.7468,2108719.772,-5.31
203,585386.2618,2108718.915,-5.31
204,585386.7769,2108718.058,-5.31
205,585387.2919,2108717.201,-5.31
206,585387.807,2108716.344,-5.33
207,585388.322,2108715.486,-5.35
208,585388.837,2108714.629,-5.36
209,585389.3521,2108713.772,-5.38
210,585389.8671,2108712.915,-5.44
211,585390.3822,2108712.058,-5.62
212,585390.8972,2108711.201,-5.79
213,585391.4122,2108710.343,-5.97
214,585391.9273,2108709.486,-6.14
215,585392.4423,2108708.629,-6.3
216,585392.9573,2108707.772,-6.38
217,585393.4724,2108706.915,-6.46
218,585393.9874,2108706.058,-6.54
219,585394.5025,2108705.2,-6.62
220,585395.0175,2108704.343,-6.69
221,585395.5325,2108703.486,-6.69
222,585396.0476,2108702.629,-6.69
223,585396.5626,2108701.772,-6.69
224,585397.0777,2108700.915,-6.69
225,585397.5927,2108700.057,-6.7
226,585398.1077,2108699.2,-6.73
227,585398.6228,2108698.343,-6.77
228,585399.1378,2108697.486,-6.8
229,585399.6528,2108696.629,-6.84
230,585400.1679,2108695.772,-6.87
231,585400.6829,2108694.914,-6.91
232,585401.198,2108694.057,-6.95
233,585401.713,2108693.2,-6.98
234,585402.228,2108692.343,-7.02
235,585402.7431,2108691.486,-7.05
236,585403.2581,2108690.629,-7.05
237,585403.7732,2108689.771,-7.05
238,585404.2882,2108688.914,-7.05
239,585404.8032,2108688.057,-7.05
240,585405.3183,2108687.2,-7.05
241,585405.8333,2108686.343,-7.05
242,585406.3484,2108685.486,-7.05
243,585406.8634,2108684.628,-7.05
244,585407.3784,2108683.771,-7.05
245,585407.8935,2108682.914,-7.05
246,585408.4085,2108682.057,-7.07
247,585408.9235,2108681.2,-7.08
248,585409.4386,2108680.343,-7.1
249,585409.9536,2108679.485,-7.11
250,585410.4687,2108678.628,-7.14
251,585410.9837,2108677.771,-7.23
252,585411.4987,2108676.914,-7.32
253,585412.0138,2108676.057,-7.41
254,585412.5288,2108675.2,-7.5
255,585413.0439,2108674.342,-7.57
256,585413.5589,2108673.485,-7.62
257,585414.0739,2108672.628,-7.66
258,585414.589,2108671.771,-7.7
259,585415.104,2108670.914,-7.75
260,585415.619,2108670.057,-7.78
261,585416.1341,2108669.199,-7.78
262,585416.6491,2108668.342,-7.78
263,585417.1642,2108667.485,-7.78
264,585417.6792,2108666.628,-7.78
265,585418.1942,2108665.771,-7.79
266,585418.7093,2108664.914,-7.8
267,585419.2243,2108664.056,-7.82
268,585419.7394,2108663.199,-7.84
269,585420.2544,2108662.342,-7.86
270,585420.7694,2108661.485,-7.91
271,585421.2845,2108660.628,-8.02
272,585421.7995,2108659.771,-8.14
273,585422.3145,2108658.913,-8.26
274,585422.8296,2108658.056,-8.37
275,585423.3446,2108657.199,-8.46
276,585423.8597,2108656.342,-8.46
277,585424.3747,2108655.485,-8.47
278,585424.8897,2108654.628,-8.47
279,585425.4048,2108653.77,-8.47
280,585425.9198,2108652.913,-8.47
281,585426.4349,2108652.056,-8.47
282,585426.9499,2108651.199,-8.47
283,585427.4649,2108650.342,-8.47
284,585427.98,2108649.485,-8.47
285,585428.495,2108648.627,-8.48
286,585429.0101,2108647.77,-8.52
287,585429.5251,2108646.913,-8.56
288,585430.0401,2108646.056,-8.6
289,585430.5552,2108645.199,-8.64
290,585431.0702,2108644.342,-8.68
291,585431.5852,2108643.484,-8.73
292,585432.1003,2108642.627,-8.78
293,585432.6153,2108641.77,-8.82
294,585433.1304,2108640.913,-8.87
295,585433.6454,2108640.056,-8.9
296,585434.1604,2108639.199,-8.9
297,585434.6755,2108638.341,-8.9
298,585435.1905,2108637.484,-8.9
299,585435.7056,2108636.627,-8.9
300,585436.2206,2108635.77,-8.91
301,585436.7356,2108634.913,-8.95
302,585437.2507,2108634.056,-8.98
303,585437.7657,2108633.198,-9.02
304,585438.2807,2108632.341,-9.05
305,585438.7958,2108631.484,-9.09
306,585439.3108,2108630.627,-9.15
307,585439.8259,2108629.77,-9.21
308,585440.3409,2108628.913,-9.26
309,585440.8559,2108628.055,-9.32
310,585441.371,2108627.198,-9.36
311,585441.886,2108626.341,-9.36
312,585442.4011,2108625.484,-9.37
313,585442.9161,2108624.627,-9.37
314,585443.4311,2108623.77,-9.38
315,585443.9462,2108622.912,-9.38
316,585444.4612,2108622.055,-9.38
317,585444.9762,2108621.198,-9.38
318,585445.4913,2108620.341,-9.38
319,585446.0063,2108619.484,-9.38
320,585446.5214,2108618.627,-9.37
321,585447.0364,2108617.769,-9.34
322,585447.5514,2108616.912,-9.3
323,585448.0665,2108616.055,-9.27
324,585448.5815,2108615.198,-9.24
325,585449.0966,2108614.341,-9.19
326,585449.6116,2108613.484,-9.1
327,585450.1266,2108612.626,-9.02
328,585450.6417,2108611.769,-8.94
329,585451.1567,2108610.912,-8.85
330,585451.6718,2108610.055,-8.79
331,585452.1868,2108609.198,-8.78
332,585452.7018,2108608.341,-8.77
333,585453.2169,2108607.483,-8.77
334,585453.7319,2108606.626,-8.76
335,585454.2469,2108605.769,-8.75
336,585454.762,2108604.912,-8.75
337,585455.277,2108604.055,-8.74
338,585455.7921,2108603.198,-8.74
339,585456.3071,2108602.34,-8.73
340,585456.8221,2108601.483,-8.73
341,585457.3372,2108600.626,-8.73
342,585457.8522,2108599.769,-8.73
343,585458.3673,2108598.912,-8.73
344,585458.8823,2108598.055,-8.73
345,585459.3973,2108597.197,-8.73
346,585459.9124,2108596.34,-8.72
347,585460.4274,2108595.483,-8.71
348,585460.9424,2108594.626,-8.71
349,585461.4575,2108593.769,-8.7
350,585461.9725,2108592.912,-8.69
351,585462.4876,2108592.054,-8.68
352,585463.0026,2108591.197,-8.67
353,585463.5176,2108590.34,-8.66
354,585464.0327,2108589.483,-8.66
355,585464.5477,2108588.626,-8.65
356,585465.0628,2108587.769,-8.65
357,585465.5778,2108586.911,-8.65
358,585466.0928,2108586.054,-8.65
359,585466.6079,2108585.197,-8.65
360,585467.1229,2108584.34,-8.65
361,585467.638,2108583.483,-8.65
362,585468.153,2108582.626,-8.65
363,585468.668,2108581.768,-8.65
364,585469.1831,2108580.911,-8.65
365,585469.6981,2108580.054,-8.64
366,585470.2131,2108579.197,-8.62
367,585470.7282,2108578.34,-8.59
368,585471.2432,2108577.483,-8.57
369,585471.7583,2108576.625,-8.54
370,585472.2733,2108575.768,-8.52
371,585472.7883,2108574.911,-8.52
372,585473.3034,2108574.054,-8.51
373,585473.8184,2108573.197,-8.5
374,585474.3335,2108572.34,-8.49
375,585474.8485,2108571.482,-8.49
376,585475.3635,2108570.625,-8.49
377,585475.8786,2108569.768,-8.49
378,585476.3936,2108568.911,-8.49
379,585476.9086,2108568.054,-8.49
380,585477.4237,2108567.197,-8.47
381,585477.9387,2108566.339,-8.4
382,585478.4538,2108565.482,-8.34
383,585478.9688,2108564.625,-8.28
384,585479.4838,2108563.768,-8.22
385,585479.9989,2108562.911,-8.12
386,585480.5139,2108562.054,-7.97
387,585481.029,2108561.196,-7.82
388,585481.544,2108560.339,-7.66
389,585482.059,2108559.482,-7.51
390,585482.5741,2108558.625,-7.43
391,585483.0891,2108557.768,-7.5
392,585483.6041,2108556.911,-7.56
393,585484.1192,2108556.053,-7.62
394,585484.6342,2108555.196,-7.69
395,585485.1493,2108554.339,-7.76
396,585485.6643,2108553.482,-7.86
397,585486.1793,2108552.625,-7.96
398,585486.6944,2108551.768,-8.06
399,585487.2094,2108550.91,-8.16
400,585487.7245,2108550.053,-8.22
401,585488.2395,2108549.196,-8.21
402,585488.7545,2108548.339,-8.2
403,585489.2696,2108547.482,-8.18
404,585489.7846,2108546.625,-8.17
405,585490.2997,2108545.767,-8.15
406,585490.8147,2108544.91,-8.13
407,585491.3297,2108544.053,-8.11
408,585491.8448,2108543.196,-8.09
409,585492.3598,2108542.339,-8.07
410,585492.8748,2108541.482,-8.06
411,585493.3899,2108540.624,-8.06
412,585493.9049,2108539.767,-8.06
413,585494.42,2108538.91,-8.06
414,585494.935,2108538.053,-8.06
415,585495.45,2108537.196,-8.04
416,585495.9651,2108536.339,-7.98
417,585496.4801,2108535.481,-7.92
418,585496.9952,2108534.624,-7.86
419,585497.5102,2108533.767,-7.8
420,585498.0252,2108532.91,-7.62
421,585498.5403,2108532.053,-7.25
422,585499.0553,2108531.196,-6.87
423,585499.5703,2108530.338,-6.5
424,585500.0854,2108529.481,-6.13
425,585500.6004,2108528.624,-5.75
426,585501.1155,2108527.767,-5.68
427,585501.6305,2108526.91,-5.6
428,585502.1455,2108526.053,-5.53
429,585502.6606,2108525.195,-5.45
430,585503.1756,2108524.338,-5.38
431,585503.6907,2108523.481,-5.38
432,585504.2057,2108522.624,-5.38
433,585504.7207,2108521.767,-5.38
434,585505.2358,2108520.91,-5.38
435,585505.7508,2108520.052,-5.38
436,585506.2658,2108519.195,-5.38
437,585506.7809,2108518.338,-5.38
438,585507.2959,2108517.481,-5.38
439,585507.811,2108516.624,-5.38
440,585508.326,2108515.767,-5.38
441,585508.841,2108514.909,-5.39
442,585509.3561,2108514.052,-5.4
443,585509.8711,2108513.195,-5.4
444,585510.3862,2108512.338,-5.41
445,585510.9012,2108511.481,-5.42
446,585511.4162,2108510.624,-5.44
447,585511.9313,2108509.766,-5.46
448,585512.4463,2108508.909,-5.49
449,585512.9614,2108508.052,-5.51
450,585513.4764,2108507.195,-5.53
451,585513.9914,2108506.338,-5.54
452,585514.5065,2108505.481,-5.54
453,585515.0215,2108504.623,-5.54
454,585515.5365,2108503.766,-5.55
455,585516.0516,2108502.909,-5.55
456,585516.5666,2108502.052,-5.55
457,585517.0817,2108501.195,-5.55
458,585517.5967,2108500.338,-5.55
459,585518.1117,2108499.48,-5.55
460,585518.6268,2108498.623,-5.55
461,585519.1418,2108497.766,-5.55
462,585519.6569,2108496.909,-5.54
463,585520.1719,2108496.052,-5.54
464,585520.6869,2108495.195,-5.54
465,585521.202,2108494.337,-5.53
466,585521.717,2108493.48,-5.53
467,585522.232,2108492.623,-5.53
468,585522.7471,2108491.766,-5.52
469,585523.2621,2108490.909,-5.52
470,585523.7772,2108490.052,-5.52
471,585524.2922,2108489.194,-5.53
472,585524.8072,2108488.337,-5.54
473,585525.3223,2108487.48,-5.55
474,585525.8373,2108486.623,-5.56
475,585526.3524,2108485.766,-5.57
476,585526.8674,2108484.909,-5.6
477,585527.3824,2108484.051,-5.64
478,585527.8975,2108483.194,-5.67
479,585528.4125,2108482.337,-5.71
480,585528.9275,2108481.48,-5.75
481,585529.4426,2108480.623,-5.79
482,585529.9576,2108479.766,-5.84
483,585530.4727,2108478.908,-5.89
484,585530.9877,2108478.051,-5.94
485,585531.5027,2108477.194,-5.99
486,585532.0178,2108476.337,-5.99
487,585532.5328,2108475.48,-5.99
488,585533.0479,2108474.623,-5.99
489,585533.5629,2108473.765,-6
490,585534.0779,2108472.908,-6
491,585534.593,2108472.051,-6
492,585535.108,2108471.194,-6
493,585535.6231,2108470.337,-6
494,585536.1381,2108469.48,-6
495,585536.6531,2108468.622,-6
496,585537.1682,2108467.765,-6
497,585537.6832,2108466.908,-6
498,585538.1982,2108466.051,-6
499,585538.7133,2108465.194,-6
500,585539.2283,2108464.337,-6
501,585539.7434,2108463.479,-6.02
502,585540.2584,2108462.622,-6.05
503,585540.7734,2108461.765,-6.07
504,585541.2885,2108460.908,-6.1
505,585541.8035,2108460.051,-6.12
506,585542.3186,2108459.194,-6.15
507,585542.8336,2108458.336,-6.18
508,585543.3486,2108457.479,-6.21
509,585543.8637,2108456.622,-6.24
510,585544.3787,2108455.765,-6.27
511,585544.8937,2108454.908,-6.27
512,585545.4088,2108454.051,-6.27
513,585545.9238,2108453.193,-6.27
514,585546.4389,2108452.336,-6.27
515,585546.9539,2108451.479,-6.26
516,585547.4689,2108450.622,-6.19
517,585547.984,2108449.765,-6.12
518,585548.499,2108448.908,-6.05
519,585549.0141,2108448.05,-5.98
520,585549.5291,2108447.193,-5.91
521,585550.0441,2108446.336,-5.89
522,585550.5592,2108445.479,-5.87
523,585551.0742,2108444.622,-5.84
524,585551.5892,2108443.765,-5.82
525,585552.1043,2108442.907,-5.8
526,585552.6193,2108442.05,-5.8
527,585553.1344,2108441.193,-5.8
528,585553.6494,2108440.336,-5.8
529,585554.1644,2108439.479,-5.8
530,585554.6795,2108438.622,-5.8
531,585555.1945,2108437.764,-5.8
532,585555.7096,2108436.907,-5.8
533,585556.2246,2108436.05,-5.8
534,585556.7396,2108435.193,-5.8
535,585557.2547,2108434.336,-5.8
536,585557.7697,2108433.479,-5.82
537,585558.2848,2108432.621,-5.83
538,585558.7998,2108431.764,-5.85
539,585559.3148,2108430.907,-5.86
540,585559.8299,2108430.05,-5.88
541,585560.3449,2108429.193,-5.9
542,585560.8599,2108428.336,-5.92
543,585561.375,2108427.478,-5.94
544,585561.89,2108426.621,-5.96
545,585562.4051,2108425.764,-5.98
546,585562.9201,2108424.907,-5.98
547,585563.4351,2108424.05,-5.98
548,585563.9502,2108423.193,-5.98
549,585564.4652,2108422.335,-5.98
550,585564.9803,2108421.478,-5.98
551,585565.4953,2108420.621,-5.98
552,585566.0103,2108419.764,-5.98
553,585566.5254,2108418.907,-5.98
554,585567.0404,2108418.05,-5.98
555,585567.5554,2108417.192,-5.98
556,585568.0705,2108416.335,-5.99
557,585568.5855,2108415.478,-6.01
558,585569.1006,2108414.621,-6.02
559,585569.6156,2108413.764,-6.03
560,585570.1306,2108412.907,-6.05
561,585570.6457,2108412.049,-6.07
562,585571.1607,2108411.192,-6.1
563,585571.6758,2108410.335,-6.12
564,585572.1908,2108409.478,-6.14
565,585572.7058,2108408.621,-6.18
566,585573.2209,2108407.764,-6.22
567,585573.7359,2108406.906,-6.27
568,585574.2509,2108406.049,-6.32
569,585574.766,2108405.192,-6.37
570,585575.281,2108404.335,-6.42
571,585575.7961,2108403.478,-6.45
572,585576.3111,2108402.62,-6.49
573,585576.8261,2108401.763,-6.52
574,585577.3412,2108400.906,-6.55
575,585577.8562,2108400.049,-6.52
576,585578.3713,2108399.192,-6.28
577,585578.8863,2108398.335,-6.04
578,585579.4013,2108397.477,-5.8
579,585579.9164,2108396.62,-5.56
580,585580.4314,2108395.763,-5.34
581,585580.9465,2108394.906,-5.25
582,585581.4615,2108394.049,-5.16
583,585581.9765,2108393.192,-5.08
584,585582.4916,2108392.334,-4.99
585,585583.0066,2108391.477,-4.91
586,585583.5216,2108390.62,-4.91
587,585584.0367,2108389.763,-4.91
588,585584.5517,2108388.906,-4.91
589,585585.0668,2108388.049,-4.91
590,585585.5818,2108387.191,-4.91
591,585586.0968,2108386.334,-4.9
592,585586.6119,2108385.477,-4.9
593,585587.1269,2108384.62,-4.89
594,585587.642,2108383.763,-4.88
595,585588.157,2108382.906,-4.88
596,585588.672,2108382.048,-4.86
597,585589.1871,2108381.191,-4.85
598,585589.7021,2108380.334,-4.83
599,585590.2171,2108379.477,-4.82
600,585590.7322,2108378.62,-4.81
601,585591.2472,2108377.763,-4.81
602,585591.7623,2108376.905,-4.8
603,585592.2773,2108376.048,-4.8
604,585592.7923,2108375.191,-4.8
605,585593.3074,2108374.334,-4.8
606,585593.8224,2108373.477,-4.8
607,585594.3375,2108372.62,-4.8
608,585594.8525,2108371.762,-4.8
609,585595.3675,2108370.905,-4.8
610,585595.8826,2108370.048,-4.81
611,585596.3976,2108369.191,-4.85
612,585596.9126,2108368.334,-4.88
613,585597.4277,2108367.477,-4.92
614,585597.9427,2108366.619,-4.96
615,585598.4578,2108365.762,-5
616,585598.9728,2108364.905,-5.03
617,585599.4878,2108364.048,-5.06
618,585600.0029,2108363.191,-5.09
619,585600.5179,2108362.334,-5.12
620,585601.033,2108361.476,-5.15
621,585601.548,2108360.619,-5.15
622,585602.063,2108359.762,-5.15
623,585602.5781,2108358.905,-5.15
624,585603.0931,2108358.048,-5.15
625,585603.6082,2108357.191,-5.15
626,585604.1232,2108356.333,-5.15
627,585604.6382,2108355.476,-5.15
628,585605.1533,2108354.619,-5.15
629,585605.6683,2108353.762,-5.15
630,585606.1833,2108352.905,-5.15
631,585606.6984,2108352.048,-5.15
632,585607.2134,2108351.19,-5.15
633,585607.7285,2108350.333,-5.15
634,585608.2435,2108349.476,-5.15
635,585608.7585,2108348.619,-5.18
636,585609.2736,2108347.762,-5.36
637,585609.7886,2108346.905,-5.54
638,585610.3037,2108346.047,-5.72
639,585610.8187,2108345.19,-5.9
640,585611.3337,2108344.333,-6.06
641,585611.8488,2108343.476,-6.13
642,585612.3638,2108342.619,-6.2
643,585612.8788,2108341.762,-6.27
644,585613.3939,2108340.904,-6.34
645,585613.9089,2108340.047,-6.39
646,585614.424,2108339.19,-6.29
647,585614.939,2108338.333,-6.2
648,585615.454,2108337.476,-6.1
649,585615.9691,2108336.619,-6
650,585616.4841,2108335.761,-5.91
651,585616.9992,2108334.904,-5.79
652,585617.5142,2108334.047,-5.68
653,585618.0292,2108333.19,-5.56
654,585618.5443,2108332.333,-5.45
655,585619.0593,2108331.476,-5.35
656,585619.5744,2108330.618,-5.37
657,585620.0894,2108329.761,-5.39
658,585620.6044,2108328.904,-5.4
659,585621.1195,2108328.047,-5.42
660,585621.6345,2108327.19,-5.44
661,585622.1495,2108326.333,-5.44
662,585622.6646,2108325.475,-5.44
663,585623.1796,2108324.618,-5.44
664,585623.6947,2108323.761,-5.44
665,585624.2097,2108322.904,-5.44
666,585624.7247,2108322.047,-5.44
667,585625.2398,2108321.19,-5.44
668,585625.7548,2108320.332,-5.44
669,585626.2699,2108319.475,-5.44
670,585626.7849,2108318.618,-5.44
671,585627.2999,2108317.761,-5.48
672,585627.815,2108316.904,-5.51
673,585628.33,2108316.047,-5.54
674,585628.845,2108315.189,-5.58
675,585629.3601,2108314.332,-5.61
676,585629.8751,2108313.475,-5.64
677,585630.3902,2108312.618,-5.66
678,585630.9052,2108311.761,-5.69
679,585631.4202,2108310.904,-5.72
680,585631.9353,2108310.046,-5.74
681,585632.4503,2108309.189,-5.74
682,585632.9654,2108308.332,-5.75
683,585633.4804,2108307.475,-5.75
684,585633.9954,2108306.618,-5.75
685,585634.5105,2108305.761,-5.76
686,585635.0255,2108304.903,-5.76
687,585635.5405,2108304.046,-5.77
688,585636.0556,2108303.189,-5.78
689,585636.5706,2108302.332,-5.78
690,585637.0857,2108301.475,-5.79
691,585637.6007,2108300.618,-5.78
692,585638.1157,2108299.76,-5.78
693,585638.6308,2108298.903,-5.77
694,585639.1458,2108298.046,-5.77
695,585639.6609,2108297.189,-5.76
696,585640.1759,2108296.332,-5.76
697,585640.6909,2108295.475,-5.76
698,585641.206,2108294.617,-5.76
699,585641.721,2108293.76,-5.76
700,585642.2361,2108292.903,-5.76
701,585642.7511,2108292.046,-5.76
702,585643.2661,2108291.189,-5.76
703,585643.7812,2108290.332,-5.76
704,585644.2962,2108289.474,-5.76
705,585644.8112,2108288.617,-5.77
706,585645.3263,2108287.76,-5.81
707,585645.8413,2108286.903,-5.85
708,585646.3564,2108286.046,-5.88
709,585646.8714,2108285.189,-5.92
710,585647.3864,2108284.331,-5.97
711,585647.9015,2108283.474,-6.03
712,585648.4165,2108282.617,-6.09
713,585648.9316,2108281.76,-6.15
714,585649.4466,2108280.903,-6.21
715,585649.9616,2108280.046,-6.25
716,585650.4767,2108279.188,-6.25
717,585650.9917,2108278.331,-6.25
718,585651.5067,2108277.474,-6.25
719,585652.0218,2108276.617,-6.25
720,585652.5368,2108275.76,-6.25
721,585653.0519,2108274.903,-6.25
722,585653.5669,2108274.045,-6.25
723,585654.0819,2108273.188,-6.25
724,585654.597,2108272.331,-6.25
725,585655.112,2108271.474,-6.25
726,585655.6271,2108270.617,-6.25
727,585656.1421,2108269.76,-6.25
728,585656.6571,2108268.902,-6.25
729,585657.1722,2108268.045,-6.25
730,585657.6872,2108267.188,-6.25
731,585658.2022,2108266.331,-6.24
732,585658.7173,2108265.474,-6.24
733,585659.2323,2108264.617,-6.23
734,585659.7474,2108263.759,-6.23
735,585660.2624,2108262.902,-6.23
736,585660.7774,2108262.045,-6.25
737,585661.2925,2108261.188,-6.27
738,585661.8075,2108260.331,-6.29
739,585662.3226,2108259.474,-6.3
740,585662.8376,2108258.616,-6.33
741,585663.3526,2108257.759,-6.37
742,585663.8677,2108256.902,-6.4
743,585664.3826,2108256.045,-6.44
744,585664.8967,2108255.187,-6.48
745,585665.4097,2108254.329,-6.51
746,585665.9216,2108253.47,-6.52
747,585666.4324,2108252.61,-6.52
748,585666.9422,2108251.75,-6.53
749,585667.4509,2108250.889,-6.54
750,585667.9585,2108250.027,-6.54
751,585668.465,2108249.165,-6.54
752,585668.9705,2108248.302,-6.55
753,585669.4749,2108247.439,-6.55
754,585669.9781,2108246.575,-6.55
755,585670.4804,2108245.71,-6.56
756,585670.9815,2108244.844,-6.56
757,585671.4816,2108243.978,-6.56
758,585671.9805,2108243.112,-6.56
759,585672.4784,2108242.245,-6.56
760,585672.9752,2108241.377,-6.56
761,585673.4709,2108240.508,-6.56
762,585673.9656,2108239.639,-6.56
763,585674.4591,2108238.769,-6.56
764,585674.9516,2108237.899,-6.56
765,585675.4429,2108237.028,-6.56
766,585675.9332,2108236.157,-6.56
767,585676.4224,2108235.284,-6.57
768,585676.9105,2108234.412,-6.57
769,585677.3975,2108233.538,-6.57
770,585677.8834,2108232.664,-6.59
771,585678.3682,2108231.79,-6.66
772,585678.852,2108230.914,-6.73
773,585679.3346,2108230.039,-6.79
774,585679.8162,2108229.162,-6.86
775,585680.2966,2108228.285,-6.91
776,585680.7759,2108227.407,-6.91
777,585681.2542,2108226.529,-6.91
778,585681.7313,2108225.65,-6.91
779,585682.2074,2108224.771,-6.91
780,585682.6824,2108223.891,-6.91
781,585683.1562,2108223.01,-6.91
782,585683.629,2108222.129,-6.91
783,585684.1006,2108221.247,-6.91
784,585684.5712,2108220.365,-6.91
785,585685.0406,2108219.482,-6.86
786,585685.5089,2108218.598,-6.71
787,585685.9762,2108217.714,-6.56
788,585686.4423,2108216.83,-6.4
789,585686.9073,2108215.944,-6.25
790,585687.3712,2108215.058,-6.13
791,585687.834,2108214.172,-6.08
792,585688.2957,2108213.285,-6.04
793,585688.7563,2108212.397,-6
794,585689.2158,2108211.509,-5.95
795,585689.6742,2108210.62,-5.93
796,585690.1314,2108209.731,-5.97
797,585690.5876,2108208.841,-6
798,585691.0426,2108207.951,-6.04
799,585691.4965,2108207.06,-6.07
800,585691.9494,2108206.168,-6.1
801,585692.401,2108205.276,-6.12
802,585692.8516,2108204.383,-6.14
803,585693.3011,2108203.49,-6.16
804,585693.7494,2108202.596,-6.18
805,585694.1967,2108201.702,-6.21
806,585694.6428,2108200.807,-6.28
807,585695.0877,2108199.911,-6.35
808,585695.5316,2108199.015,-6.42
809,585695.9744,2108198.118,-6.49
810,585696.416,2108197.221,-6.54
811,585696.8565,2108196.323,-6.54
812,585697.2959,2108195.425,-6.54
813,585697.7341,2108194.526,-6.54
814,585698.1713,2108193.627,-6.54
815,585698.6073,2108192.727,-6.54
816,585699.0422,2108191.826,-6.54
817,585699.4759,2108190.925,-6.54
818,585699.9086,2108190.024,-6.54
819,585700.3401,2108189.122,-6.54
820,585700.7704,2108188.219,-6.54
821,585701.1997,2108187.316,-6.54
822,585701.6278,2108186.412,-6.54
823,585702.0548,2108185.508,-6.54
824,585702.4807,2108184.603,-6.54
825,585702.9054,2108183.698,-6.53
826,585703.329,2108182.792,-6.51
827,585703.7514,2108181.886,-6.48
828,585704.1728,2108180.979,-6.45
829,585704.593,2108180.071,-6.43
830,585705.012,2108179.163,-6.41
831,585705.43,2108178.255,-6.41
832,585705.8467,2108177.346,-6.41
833,585706.2624,2108176.436,-6.41
834,585706.6769,2108175.526,-6.41
835,585707.0903,2108174.616,-6.41
836,585707.5025,2108173.705,-6.41
837,585707.9136,2108172.793,-6.42
838,585708.3236,2108171.881,-6.42
839,585708.7324,2108170.968,-6.42
840,585709.1401,2108170.055,-6.42
841,585709.5466,2108169.141,-6.42
842,585709.952,2108168.227,-6.42
843,585710.3563,2108167.313,-6.42
844,585710.7594,2108166.398,-6.42
845,585711.1613,2108165.482,-6.39
846,585711.5622,2108164.566,-6.3
847,585711.9618,2108163.649,-6.22
848,585712.3604,2108162.732,-6.13
849,585712.7577,2108161.814,-6.05
850,585713.154,2108160.896,-5.98
851,585713.5491,2108159.977,-5.94
852,585713.943,2108159.058,-5.9
853,585714.3358,2108158.139,-5.86
854,585714.7274,2108157.219,-5.82
855,585715.1179,2108156.298,-5.79
856,585715.5072,2108155.377,-5.8
857,585715.8954,2108154.455,-5.8
858,585716.2825,2108153.533,-5.81
859,585716.6683,2108152.611,-5.81
860,585717.0531,2108151.688,-5.82
861,585717.4366,2108150.764,-5.83
862,585717.8191,2108149.84,-5.84
863,585718.2003,2108148.916,-5.86
864,585718.5804,2108147.991,-5.87
865,585718.9594,2108147.065,-5.9
866,585719.3372,2108146.139,-5.95
867,585719.7138,2108145.213,-5.99
868,585720.0893,2108144.286,-6.04
869,585720.4636,2108143.359,-6.09
870,585720.8368,2108142.431,-6.12
871,585721.2087,2108141.503,-6.12
872,585721.5796,2108140.574,-6.12
873,585721.9493,2108139.645,-6.12
874,585722.3178,2108138.715,-6.12
875,585722.6851,2108137.785,-6.12
876,585723.0513,2108136.855,-6.12
877,585723.4163,2108135.924,-6.12
878,585723.7802,2108134.992,-6.12
879,585724.1429,2108134.06,-6.12
880,585724.5044,2108133.128,-6.15
881,585724.8648,2108132.195,-6.22
882,585725.224,2108131.262,-6.29
883,585725.582,2108130.328,-6.36
884,585725.9389,2108129.394,-6.44
885,585726.2946,2108128.46,-6.49
886,585726.6491,2108127.524,-6.52
887,585727.0025,2108126.589,-6.55
888,585727.3547,2108125.653,-6.58
889,585727.7057,2108124.717,-6.61
890,585728.0555,2108123.78,-6.62
891,585728.4042,2108122.843,-6.61
892,585728.7517,2108121.905,-6.59
893,585729.0981,2108120.967,-6.58
894,585729.4432,2108120.028,-6.57
895,585729.7872,2108119.089,-6.56
896,585730.13,2108118.15,-6.56
897,585730.4717,2108117.21,-6.56
898,585730.8121,2108116.27,-6.56
899,585731.1514,2108115.329,-6.56
900,585731.4895,2108114.388,-6.56
901,585731.8265,2108113.447,-6.55
902,585732.1622,2108112.505,-6.54
903,585732.4968,2108111.562,-6.54
904,585732.8302,2108110.619,-6.53
905,585733.1624,2108109.676,-6.53
906,585733.4935,2108108.733,-6.52
907,585733.8233,2108107.789,-6.52
908,585734.152,2108106.844,-6.52
909,585734.4795,2108105.899,-6.52
910,585734.8059,2108104.954,-6.51
911,585735.131,2108104.008,-6.51
912,585735.455,2108103.062,-6.5
913,585735.7777,2108102.116,-6.5
914,585736.0993,2108101.169,-6.49
915,585736.4197,2108100.222,-6.49
916,585736.739,2108099.274,-6.48
917,585737.057,2108098.326,-6.48
918,585737.3739,2108097.377,-6.48
919,585737.6895,2108096.429,-6.47
920,585738.004,2108095.479,-6.48
921,585738.3173,2108094.53,-6.49
922,585738.6294,2108093.58,-6.5
923,585738.9403,2108092.629,-6.51
924,585739.2501,2108091.678,-6.52
925,585739.5586,2108090.727,-6.56
926,585739.866,2108089.776,-6.62
927,585740.1721,2108088.824,-6.68
928,585740.4771,2108087.871,-6.74
929,585740.7809,2108086.918,-6.8
930,585741.0835,2108085.965,-6.84
931,585741.3849,2108085.012,-6.84
932,585741.6851,2108084.058,-6.84
933,585741.9841,2108083.104,-6.84
934,585742.2819,2108082.149,-6.84
935,585742.5785,2108081.194,-6.78
936,585742.874,2108080.239,-6.65
937,585743.1682,2108079.283,-6.52
938,585743.4613,2108078.327,-6.39
939,585743.7531,2108077.37,-6.26
940,585744.0438,2108076.414,-6.18
941,585744.3332,2108075.456,-6.17
942,585744.6215,2108074.499,-6.15
943,585744.9085,2108073.541,-6.14
944,585745.1944,2108072.583,-6.12
945,585745.4791,2108071.624,-6.21
946,585745.7626,2108070.665,-6.41
947,585746.0448,2108069.706,-6.61
948,585746.3259,2108068.746,-6.81
949,585746.6058,2108067.786,-7.01
950,585746.8844,2108066.826,-7.14
951,585747.1619,2108065.865,-7.14
952,585747.4382,2108064.904,-7.14
953,585747.7132,2108063.942,-7.14
954,585747.9871,2108062.981,-7.14
955,585748.2598,2108062.019,-7.14
956,585748.5312,2108061.056,-7.14
957,585748.8015,2108060.093,-7.14
958,585749.0706,2108059.13,-7.14
959,585749.3384,2108058.167,-7.14
960,585749.605,2108057.203,-7.03
961,585749.8705,2108056.239,-6.73
962,585750.1347,2108055.274,-6.44
963,585750.3978,2108054.31,-6.15
964,585750.6596,2108053.344,-5.86
965,585750.9202,2108052.379,-5.6
966,585751.1796,2108051.413,-5.53
967,585751.4378,2108050.447,-5.46
968,585751.6948,2108049.481,-5.4
969,585751.9506,2108048.514,-5.33
970,585752.2052,2108047.547,-5.27
971,585752.4585,2108046.58,-5.28
972,585752.7107,2108045.612,-5.28
973,585752.9616,2108044.644,-5.28
974,585753.2114,2108043.676,-5.29
975,585753.4599,2108042.707,-5.29
976,585753.7072,2108041.738,-5.31
977,585753.9533,2108040.769,-5.33
978,585754.1982,2108039.799,-5.35
979,585754.4419,2108038.829,-5.37
980,585754.6844,2108037.859,-5.39
981,585754.9256,2108036.889,-5.42
982,585755.1657,2108035.918,-5.45
983,585755.4045,2108034.947,-5.48
984,585755.6421,2108033.976,-5.52
985,585755.8785,2108033.004,-5.54
986,585756.1137,2108032.032,-5.54
987,585756.3477,2108031.06,-5.54
988,585756.5804,2108030.087,-5.54
989,585756.812,2108029.114,-5.54
990,585757.0423,2108028.141,-5.54
991,585757.2714,2108027.168,-5.54
992,585757.4993,2108026.194,-5.54
993,585757.726,2108025.22,-5.54
994,585757.9514,2108024.246,-5.54
995,585758.1757,2108023.271,-5.54
996,585758.3987,2108022.297,-5.56
997,585758.6205,2108021.321,-5.57
998,585758.8411,2108020.346,-5.59
999,585759.0604,2108019.37,-5.61
1000,585759.2786,2108018.395,-5.62
1001,585759.4955,2108017.418,-5.63
1002,585759.7112,2108016.442,-5.65
1003,585759.9257,2108015.465,-5.66
1004,585760.1389,2108014.488,-5.67
1005,585760.351,2108013.511,-5.68
1006,585760.5618,2108012.533,-5.69
1007,585760.7714,2108011.556,-5.69
1008,585760.9798,2108010.578,-5.69
1009,585761.1869,2108009.599,-5.7
1010,585761.3928,2108008.621,-5.7
1011,585761.5975,2108007.642,-5.7
1012,585761.801,2108006.663,-5.7
1013,585762.0033,2108005.683,-5.7
1014,585762.2043,2108004.704,-5.7
1015,585762.4041,2108003.724,-5.7
1016,585762.6027,2108002.744,-5.7
1017,585762.8001,2108001.764,-5.7
1018,585762.9962,2108000.783,-5.7
1019,585763.1911,2107999.802,-5.7
1020,585763.3848,2107998.821,-5.71
1021,585763.5772,2107997.84,-5.74
1022,585763.7684,2107996.858,-5.78
1023,585763.9584,2107995.877,-5.81
1024,585764.1472,2107994.894,-5.84
1025,585764.3348,2107993.912,-5.88
1026,585764.5211,2107992.93,-5.9
1027,585764.7062,2107991.947,-5.93
1028,585764.89,2107990.964,-5.95
1029,585765.0726,2107989.981,-5.98
1030,585765.254,2107988.997,-6
1031,585765.4342,2107988.014,-6.03
1032,585765.6132,2107987.03,-6.06
1033,585765.7909,2107986.046,-6.09
1034,585765.9674,2107985.062,-6.13
1035,585766.1426,2107984.077,-6.15
1036,585766.3166,2107983.092,-6.16
1037,585766.4894,2107982.107,-6.16
1038,585766.661,2107981.122,-6.17
1039,585766.8313,2107980.137,-6.18
1040,585767.0004,2107979.151,-6.18
1041,585767.1683,2107978.165,-6.18
1042,585767.3349,2107977.179,-6.18
1043,585767.5003,2107976.193,-6.17
1044,585767.6644,2107975.207,-6.17
1045,585767.8274,2107974.22,-6.17
1046,585767.9891,2107973.233,-6.17
1047,585768.1495,2107972.246,-6.17
1048,585768.3088,2107971.259,-6.17
1049,585768.4668,2107970.272,-6.17
1050,585768.6235,2107969.284,-6.17
1051,585768.7791,2107968.296,-6.17
1052,585768.9333,2107967.308,-6.17
1053,585769.0864,2107966.32,-6.17
1054,585769.2382,2107965.331,-6.17
1055,585769.3888,2107964.343,-6.19
1056,585769.5382,2107963.354,-6.22
1057,585769.6863,2107962.365,-6.26
1058,585769.8331,2107961.376,-6.29
1059,585769.9788,2107960.387,-6.33
1060,585770.1232,2107959.397,-6.36
1061,585770.2664,2107958.407,-6.39
1062,585770.4083,2107957.417,-6.42
1063,585770.549,2107956.427,-6.44
1064,585770.6884,2107955.437,-6.47
1065,585770.8267,2107954.447,-6.49
1066,585770.9636,2107953.456,-6.49
1067,585771.0994,2107952.465,-6.49
1068,585771.2339,2107951.475,-6.49
1069,585771.3671,2107950.483,-6.49
1070,585771.4992,2107949.492,-6.49
1071,585771.6299,2107948.501,-6.5
1072,585771.7595,2107947.509,-6.5
1073,585771.8878,2107946.518,-6.5
1074,585772.0149,2107945.526,-6.51
1075,585772.1407,2107944.534,-6.52
1076,585772.2653,2107943.541,-6.55
1077,585772.3886,2107942.549,-6.57
1078,585772.5107,2107941.556,-6.6
1079,585772.6316,2107940.564,-6.63
1080,585772.7512,2107939.571,-6.65
1081,585772.8696,2107938.578,-6.66
1082,585772.9867,2107937.585,-6.68
1083,585773.1026,2107936.592,-6.7
1084,585773.2173,2107935.598,-6.71
1085,585773.3307,2107934.605,-6.73
1086,585773.4429,2107933.611,-6.75
1087,585773.5538,2107932.617,-6.77
1088,585773.6635,2107931.623,-6.8
1089,585773.772,2107930.629,-6.82
1090,585773.8792,2107929.635,-6.84
1091,585773.9851,2107928.64,-6.85
1092,585774.0898,2107927.646,-6.86
1093,585774.1933,2107926.651,-6.87
1094,585774.2955,2107925.657,-6.88
1095,585774.3965,2107924.662,-6.89
1096,585774.4963,2107923.667,-6.9
1097,585774.5948,2107922.672,-6.91
1098,585774.692,2107921.676,-6.92
1099,585774.7881,2107920.681,-6.93
1100,585774.8828,2107919.685,-6.94
1101,585774.9763,2107918.69,-6.94
1102,585775.0686,2107917.694,-6.94
1103,585775.1597,2107916.698,-6.94
1104,585775.2494,2107915.702,-6.94
1105,585775.338,2107914.706,-6.94
1106,585775.4253,2107913.71,-6.94
1107,585775.5113,2107912.714,-6.94
1108,585775.5962,2107911.717,-6.94
1109,585775.6797,2107910.721,-6.94
1110,585775.762,2107909.724,-6.94
1111,585775.8431,2107908.728,-6.94
1112,585775.9229,2107907.731,-6.94
1113,585776.0015,2107906.734,-6.94
1114,585776.0788,2107905.737,-6.94
1115,585776.1549,2107904.74,-6.96
1116,585776.2298,2107903.742,-6.99
1117,585776.3034,2107902.745,-7.03
1118,585776.3757,2107901.748,-7.07
1119,585776.4468,2107900.75,-7.1
1120,585776.5167,2107899.753,-7.14
1121,585776.5853,2107898.755,-7.17
1122,585776.6526,2107897.757,-7.21
1123,585776.7187,2107896.76,-7.24
1124,585776.7836,2107895.762,-7.28
1125,585776.8472,2107894.764,-7.3
1126,585776.9096,2107893.766,-7.3
1127,585776.9707,2107892.768,-7.31
1128,585777.0306,2107891.769,-7.32
1129,585777.0892,2107890.771,-7.33
1130,585777.1466,2107889.773,-7.33
1131,585777.2027,2107888.774,-7.34
1132,585777.2576,2107887.776,-7.34
1133,585777.3113,2107886.777,-7.34
1134,585777.3636,2107885.779,-7.35
1135,585777.4148,2107884.78,-7.36
1136,585777.4647,2107883.781,-7.39
1137,585777.5133,2107882.782,-7.41
1138,585777.5607,2107881.783,-7.44
1139,585777.6068,2107880.785,-7.47
1140,585777.6517,2107879.786,-7.48
1141,585777.6954,2107878.787,-7.48
1142,585777.7378,2107877.787,-7.49
1143,585777.7789,2107876.788,-7.49
1144,585777.8188,2107875.789,-7.49
1145,585777.8575,2107874.79,-7.53
1146,585777.8949,2107873.791,-7.61
1147,585777.931,2107872.791,-7.68
1148,585777.9659,2107871.792,-7.76
1149,585777.9996,2107870.792,-7.84
1150,585778.032,2107869.793,-7.93
1151,585778.0632,2107868.793,-8.03
1152,585778.0931,2107867.794,-8.13
1153,585778.1217,2107866.794,-8.23
1154,585778.1491,2107865.795,-8.33
1155,585778.1753,2107864.795,-8.4
1156,585778.2002,2107863.795,-8.44
1157,585778.2239,2107862.796,-8.48
1158,585778.2463,2107861.796,-8.51
1159,585778.2674,2107860.796,-8.55
1160,585778.2873,2107859.796,-8.57
1161,585778.306,2107858.796,-8.57
1162,585778.3234,2107857.797,-8.57
1163,585778.3396,2107856.797,-8.57
1164,585778.3545,2107855.797,-8.57
1165,585778.3681,2107854.797,-8.57
1166,585778.3805,2107853.797,-8.57
1167,585778.3917,2107852.797,-8.57
1168,585778.4016,2107851.797,-8.57
1169,585778.4103,2107850.797,-8.57
1170,585778.4177,2107849.797,-8.59
1171,585778.4238,2107848.797,-8.64
1172,585778.4288,2107847.797,-8.68
1173,585778.4324,2107846.797,-8.72
1174,585778.4348,2107845.797,-8.77
1175,585778.436,2107844.797,-8.82
1176,585778.4359,2107843.797,-8.87
1177,585778.4346,2107842.797,-8.92
1178,585778.432,2107841.797,-8.97
1179,585778.4281,2107840.797,-9.02
1180,585778.423,2107839.797,-9.05
1181,585778.4167,2107838.797,-9.07
1182,585778.4091,2107837.797,-9.09
1183,585778.4003,2107836.797,-9.1
1184,585778.3902,2107835.797,-9.12
1185,585778.3788,2107834.797,-9.13
1186,585778.3663,2107833.797,-9.13
1187,585778.3524,2107832.798,-9.12
1188,585778.3373,2107831.798,-9.12
1189,585778.321,2107830.798,-9.12
1190,585778.3034,2107829.798,-9.11
1191,585778.2846,2107828.798,-9.11
1192,585778.2645,2107827.798,-9.1
1193,585778.2431,2107826.799,-9.09
1194,585778.2205,2107825.799,-9.08
1195,585778.1967,2107824.799,-9.08
1196,585778.1716,2107823.799,-9.08
1197,585778.1453,2107822.8,-9.08
1198,585778.1177,2107821.8,-9.08
1199,585778.0889,2107820.801,-9.08
1200,585778.0588,2107819.801,-9.08
1201,585778.0274,2107818.801,-9.09
1202,585777.9949,2107817.802,-9.09
1203,585777.961,2107816.803,-9.09
1204,585777.9259,2107815.803,-9.1
1205,585777.8896,2107814.804,-9.1
1206,585777.852,2107813.805,-9.1
1207,585777.8132,2107812.805,-9.1
1208,585777.7731,2107811.806,-9.11
1209,585777.7318,2107810.807,-9.11
1210,585777.6892,2107809.808,-9.18
1211,585777.6454,2107808.809,-9.3
1212,585777.6003,2107807.81,-9.41
1213,585777.554,2107806.811,-9.53
1214,585777.5064,2107805.812,-9.65
1215,585777.4576,2107804.813,-9.79
1216,585777.4075,2107803.815,-9.95
1217,585777.3562,2107802.816,-10.1
1218,585777.3037,2107801.817,-10.26
1219,585777.2498,2107800.819,-10.42
1220,585777.1948,2107799.82,-10.5
1221,585777.1385,2107798.822,-10.5
1222,585777.0809,2107797.823,-10.5
1223,585777.0221,2107796.825,-10.5
1224,585776.9621,2107795.827,-10.5
1225,585776.9008,2107794.829,-10.43
1226,585776.8382,2107793.831,-10.3
1227,585776.7744,2107792.833,-10.17
1228,585776.7094,2107791.835,-10.03
1229,585776.6431,2107790.837,-9.9
1230,585776.5755,2107789.839,-9.8
1231,585776.5068,2107788.842,-9.75
1232,585776.4367,2107787.844,-9.7
1233,585776.3654,2107786.847,-9.65
1234,585776.2929,2107785.849,-9.59
1235,585776.2192,2107784.852,-9.58
1236,585776.1441,2107783.855,-9.62
1237,585776.0679,2107782.858,-9.66
1238,585775.9904,2107781.861,-9.69
1239,585775.9116,2107780.864,-9.73
1240,585775.8316,2107779.867,-9.75
1241,585775.7503,2107778.871,-9.75
1242,585775.6678,2107777.874,-9.75
1243,585775.5841,2107776.877,-9.75
1244,585775.4991,2107775.881,-9.75
1245,585775.4129,2107774.885,-9.74
1246,585775.3254,2107773.889,-9.72
1247,585775.2367,2107772.893,-9.7
1248,585775.1467,2107771.897,-9.68
1249,585775.0555,2107770.901,-9.66
1250,585774.9631,2107769.905,-9.62
1251,585774.8693,2107768.909,-9.56
1252,585774.7744,2107767.914,-9.5
1253,585774.6782,2107766.919,-9.44
1254,585774.5808,2107765.923,-9.38
1255,585774.4821,2107764.928,-9.35
1256,585774.3822,2107763.933,-9.35
1257,585774.281,2107762.938,-9.35
1258,585774.1786,2107761.944,-9.35
1259,585774.0749,2107760.949,-9.35
1260,585773.9701,2107759.955,-9.38
1261,585773.8639,2107758.96,-9.44
1262,585773.7565,2107757.966,-9.49
1263,585773.6479,2107756.972,-9.55
1264,585773.538,2107755.978,-9.61
1265,585773.4269,2107754.984,-9.68
1266,585773.3146,2107753.99,-9.76
1267,585773.201,2107752.997,-9.84
1268,585773.0862,2107752.004,-9.92
1269,585772.9701,2107751.01,-10
1270,585772.8528,2107750.017,-10.03
1271,585772.7342,2107749.024,-10.01
1272,585772.6144,2107748.032,-9.98
1273,585772.4934,2107747.039,-9.96
1274,585772.3715,2107746.046,-9.93
1275,585772.2496,2107745.054,-9.92
1276,585772.1278,2107744.061,-9.92
1277,585772.0059,2107743.069,-9.92
1278,585771.884,2107742.076,-9.92
1279,585771.7622,2107741.084,-9.92
1280,585771.6403,2107740.091,-9.92
1281,585771.5184,2107739.098,-9.92
1282,585771.3965,2107738.106,-9.91
1283,585771.2747,2107737.113,-9.91
1284,585771.1528,2107736.121,-9.91
1285,585771.0309,2107735.128,-9.89
1286,585770.9091,2107734.136,-9.86
1287,585770.7872,2107733.143,-9.82
1288,585770.6653,2107732.151,-9.79
1289,585770.5435,2107731.158,-9.76
1290,585770.4216,2107730.166,-9.75
1291,585770.2997,2107729.173,-9.75
1292,585770.1779,2107728.18,-9.76
1293,585770.056,2107727.188,-9.76
1294,585769.9341,2107726.195,-9.77
1295,585769.8122,2107725.203,-9.77
1296,585769.6904,2107724.21,-9.78
1297,585769.5685,2107723.218,-9.79
1298,585769.4466,2107722.225,-9.8
1299,585769.3248,2107721.233,-9.81
1300,585769.2029,2107720.24,-9.81
1301,585769.081,2107719.248,-9.81
1302,585768.9592,2107718.255,-9.81
1303,585768.8373,2107717.262,-9.81
1304,585768.7154,2107716.27,-9.81
1305,585768.5936,2107715.277,-9.82
1306,585768.4717,2107714.285,-9.83
1307,585768.3498,2107713.292,-9.83
1308,585768.2279,2107712.3,-9.84
1309,585768.1061,2107711.307,-9.85
1310,585767.9842,2107710.315,-9.88
1311,585767.8623,2107709.322,-9.91
1312,585767.7405,2107708.33,-9.94
1313,585767.6186,2107707.337,-9.97
1314,585767.4967,2107706.344,-10
1315,585767.3749,2107705.352,-10.01
1316,585767.253,2107704.359,-10.01
1317,585767.1311,2107703.367,-10.01
1318,585767.0093,2107702.374,-10.01
1319,585766.8874,2107701.382,-10.01
1320,585766.7655,2107700.389,-10.01
1321,585766.6436,2107699.397,-10.01
1322,585766.5218,2107698.404,-10.02
1323,585766.3999,2107697.412,-10.02
1324,585766.278,2107696.419,-10.02
1325,585766.1562,2107695.426,-10.02
1326,585766.0343,2107694.434,-10.03
1327,585765.9124,2107693.441,-10.04
1328,585765.7906,2107692.449,-10.05
1329,585765.6687,2107691.456,-10.06
1330,585765.5468,2107690.464,-10.07
1331,585765.425,2107689.471,-10.08
1332,585765.3031,2107688.479,-10.08
1333,585765.1812,2107687.486,-10.09
1334,585765.0593,2107686.494,-10.1
1335,585764.9375,2107685.501,-10.1
1336,585764.8156,2107684.508,-10.1
1337,585764.6937,2107683.516,-10.1
1338,585764.5719,2107682.523,-10.1
1339,585764.45,2107681.531,-10.1
1340,585764.3281,2107680.538,-10.1
1341,585764.2063,2107679.546,-10.1
1342,585764.0844,2107678.553,-10.1
1343,585763.9625,2107677.561,-10.1
1344,585763.8407,2107676.568,-10.1
1345,585763.7188,2107675.576,-10.13
1346,585763.5969,2107674.583,-10.17
1347,585763.475,2107673.59,-10.21
1348,585763.3532,2107672.598,-10.25
1349,585763.2313,2107671.605,-10.29
1350,585763.1094,2107670.613,-10.32
1351,585762.9876,2107669.62,-10.35
1352,585762.8657,2107668.628,-10.39
1353,585762.7438,2107667.635,-10.42
1354,585762.622,2107666.643,-10.45
1355,585762.5001,2107665.65,-10.46
1356,585762.3782,2107664.658,-10.46
1357,585762.2564,2107663.665,-10.46
1358,585762.1345,2107662.672,-10.46
1359,585762.0126,2107661.68,-10.46
1360,585761.8908,2107660.687,-10.47
